Number, 64
BTC_XVC
BTC_PINK
BTC_SYS
BTC_EMC2
BTC_RADS
BTC_SC
BTC_MAID
BTC_GNT
BTC_BCN
BTC_REP
BTC_BCY
BTC_GNO
BTC_FCT
BTC_LBC
BTC_DCR
BTC_AMP
BTC_XPM
BTC_NXT
BTC_VTC
BTC_PASC
BTC_GRC
BTC_NXC
BTC_BTCD
BTC_LTC
BTC_DASH
BTC_NAUT
BTC_ZEC
BTC_BURST
BTC_BELA
BTC_STEEM
BTC_ETC
BTC_ETH
BTC_HUC
BTC_STRAT
BTC_LSK
BTC_EXP
BTC_CLAM
BTC_BLK
BTC_XRP
BTC_NEOS
BTC_BTS
BTC_DOGE
BTC_SBD
BTC_XCP
BTC_BTM
BTC_OMNI
BTC_NAV
BTC_FLDC
BTC_XBC
BTC_DGB
BTC_NOTE
BTC_VRC
BTC_RIC
BTC_STR
BTC_POT
BTC_XMR
BTC_SJCX
BTC_VIA
BTC_XEM
BTC_NMC
BTC_ARDR
BTC_FLO
BTC_GAME
BTC_PPC
